{"_id":{"$oid":"5cdaab80dc9ec8bc32164ed5"},"name":"Chris","hobbies":["Sports","Cooking","Hiking"]}
{"_id":{"$oid":"5cdaab80dc9ec8bc32164ed6"},"name":"Max","hobbies":[{"title":"Sports","frequency":3},{"title":"Cooking","frequency":6}],"phone":131782734}
{"_id":{"$oid":"5cdaab80dc9ec8bc32164ed7"},"name":"Anna","hobbies":[{"title":"Sports","frequency":2},{"title":"Yoga","frequency":3}],"phone":"80811987291","age":null}
{"_id":{"$oid":"5cdaab80dc9ec8bc32164ed8"},"name":"Manuel","hobbies":[{"title":"Cooking","frequency":5},{"title":"Cars","frequency":2}],"phone":"012177972","age":30}
